00000236f8075772e33b89562e8623f9	1	00:00:01	http://www.celebritycruises.com/specials/lto_80?tab=lto_80&promoType=80&allowMobile=y&ecid=em_21048599&rid=344277405&mes=Celebrity%20Wave%2025%20Dep%20Offer%20Jan%202016%20EM&emsc=CPR0000000000EM&empf=U&emct=P&lnkid=BN1_WAVW25DEP	2016-01-09	02:21:35 GMT
00000236f8075772e33b89562e8623f9	1	00:00:01	http://www.celebritycruises.com/specials/lto_80?tab=lto_80&promoType=80&allowMobile=y&ecid=em_21048599&rid=344277405&mes=Celebrity%20Wave%2025%20Dep%20Offer%20Jan%202016%20EM&emsc=CPR0000000000EM&empf=U&emct=P&lnkid=BN1_WAVW25DEP	2016-01-09	02:21:36 GMT
00000670f8518070e54d05763afacd1d	1	00:00:00	http://www.celebritycruises.com/onboard-celebrity/onboard-beverage-packages?pagename=onboard_beverage_packages_overview	2015-12-25	16:30:57 GMT
00000db0d6525fedce9b89cbaa80bf41	1	00:00:00	http://www.celebritycruises.com/specials/lto_80?tab=lto_80&promoType=80	2016-01-17	00:20:41 GMT
000012db91461f0a5e46da463d867747	1	00:00:00	http://www.celebritycruises.com/home?wuc=USA	2016-01-06	06:13:39 GMT
0000213184d34e60ad99acfe3e122368	1	00:00:00	https://secure.celebritycruises.com/captains-club/gateway	2015-11-25	22:46:02 GMT
00002a7e35fbe84bcffa8254ca344857	1	00:00:01	http://www.celebritycruises.com/destinations/alaska?cid=ps_mest_goog_brndgn_1410_dtak_adlk_us_6438&cs=NAVBAR&gclid=CLCimOrmr8oCFUhlfgod82MCYg	2016-01-17	02:31:05 GMT
00002a7e35fbe84bcffa8254ca344857	1	00:00:01	http://www.celebritycruises.com/destinations/alaska?cid=ps_mest_goog_brndgn_1410_dtak_adlk_us_6438&cs=NAVBAR&gclid=CLCimOrmr8oCFUhlfgod82MCYg	2016-01-17	02:31:06 GMT
00002bbae1089f9cec2bf488ac262998	1	00:00:00	http://www.celebritycruises.com/home?wuc=USA	2016-01-29	01:06:56 GMT
0000331b206d605fff767ab15b0d2233	1	00:06:58	http://www.celebritycruises.com/cruise-search/search-results?isWidget=false&dest=ALCAN&sailStartDate=2017-08&sailEndDate=2017-08&ship=ML&port=ANY&duration=ANY&includeAdjascentPorts=Y&accessCabin=&promoid=&promoType=&promotionTypeId=&priceProgram=&sortBy=7&startRow=0&count=10&cruiseType=CO&cruiseInt=&isCrieriaExcluded=false&state=&captain_id=&couponCodes=&isSenior=&isMilitary=&isFireandPolice=	2015-12-06	16:34:24 GMT
0000331b206d605fff767ab15b0d2233	1	00:06:58	http://www.celebritycruises.com/cruise-search/search-results?isWidget=false&dest=ALCAN&sailStartDate=2017-08&sailEndDate=2017-08&ship=ML&port=ANY&duration=ANY&includeAdjascentPorts=Y&accessCabin=&promoid=&promoType=&promotionTypeId=&priceProgram=&sortBy=7&startRow=0&count=10&cruiseType=CO&cruiseInt=&isCrieriaExcluded=false&state=&captain_id=&couponCodes=&isSenior=&isMilitary=&isFireandPolice=	2015-12-06	16:34:25 GMT
0000331b206d605fff767ab15b0d2233	1	00:06:58	http://www.celebritycruises.com/cruises/cruise-package-ML13A707?packageid=ML13A707&dest=ALCAN&shipCode=ML&shipName=Celebrity%20Millennium&sailDate=1170818&cabincls=BALCONY	2015-12-06	16:36:01 GMT
0000331b206d605fff767ab15b0d2233	1	00:06:58	http://www.celebritycruises.com/cruises/cruise-package-ML13A707?packageid=ML13A707&dest=ALCAN&shipCode=ML&shipName=Celebrity%20Millennium&sailDate=1170818&cabincls=BALCONY	2015-12-06	16:36:02 GMT
0000331b206d605fff767ab15b0d2233	1	00:06:58	http://www.celebritycruises.com/cruise-search/search-results?isWidget=false&dest=ALCAN&sailStartDate=2017-08&sailEndDate=2017-08&ship=ML&port=ANY&duration=ANY&includeAdjascentPorts=Y&accessCabin=&promoid=&promoType=&promotionTypeId=&priceProgram=&sortBy=7&startRow=0&count=10&cruiseType=CO&cruiseInt=&isCrieriaExcluded=false&state=&captain_id=&couponCodes=&isSenior=&isMilitary=&isFireandPolice=	2015-12-06	16:40:35 GMT
0000331b206d605fff767ab15b0d2233	1	00:06:58	http://www.celebritycruises.com/cruise-search/search-results?isWidget=false&dest=ALCAN&sailStartDate=2017-08&sailEndDate=2017-08&ship=ML&port=ANY&duration=ANY&includeAdjascentPorts=Y&accessCabin=&promoid=&promoType=&promotionTypeId=&priceProgram=&sortBy=7&startRow=0&count=10&cruiseType=CO&cruiseInt=&isCrieriaExcluded=false&state=&captain_id=&couponCodes=&isSenior=&isMilitary=&isFireandPolice=	2015-12-06	16:40:36 GMT
0000331b206d605fff767ab15b0d2233	1	00:06:58	http://www.celebritycruises.com/cruise-search/search-results?isWidget=false&dest=ALCAN&sailStartDate=2017-08&sailEndDate=2017-08&ship=ML&port=ANY&duration=ANY&includeAdjascentPorts=Y&accessCabin=&promoid=&promoType=&promotionTypeId=&priceProgram=&sortBy=7&startRow=0&count=10&cruiseType=CO&cruiseInt=&isCrieriaExcluded=false&state=&captain_id=&couponCodes=&isSenior=&isMilitary=&isFireandPolice=	2015-12-06	16:41:21 GMT
0000331b206d605fff767ab15b0d2233	1	00:06:58	http://www.celebritycruises.com/cruise-search/search-results?isWidget=false&dest=ALCAN&sailStartDate=2017-08&sailEndDate=2017-08&ship=ML&port=ANY&duration=ANY&includeAdjascentPorts=Y&accessCabin=&promoid=&promoType=&promotionTypeId=&priceProgram=&sortBy=7&startRow=0&count=10&cruiseType=CO&cruiseInt=&isCrieriaExcluded=false&state=&captain_id=&couponCodes=&isSenior=&isMilitary=&isFireandPolice=	2015-12-06	16:41:22 GMT
0000465d27f9b82f4c4e8972f7fbf79f	1	00:04:17	https://secure.celebritycruises.com/order-brochure/order-brochure?cS=Footer&ICID=Cel_11Q4_web_hp_ftr_brochures&CID=emx_etar_mul_2016wv_1601_25dp_em_ky_1613&allowMobile=y	2016-01-09	19:47:45 GMT
0000465d27f9b82f4c4e8972f7fbf79f	1	00:04:17	http://www.celebritycruises.com/htmlpage/mobile_gateway	2016-01-09	19:49:13 GMT
0000465d27f9b82f4c4e8972f7fbf79f	1	00:04:17	https://secure.celebritycruises.com/captains-club/gateway	2016-01-09	19:52:02 GMT
000049df7bb5a07b987d66d9d408235f	1	00:00:00	http://www.celebritycruises.com/cruises/cruise-package-SM06R010?packageid=SM06R010&dest=CARIB&shipCode=SM&shipName=Celebrity%20Summit&sailDate=1161016&cabincls=CONCIERGE	2015-12-11	14:22:23 GMT
00004ee5f495f37d6e2590e1d01ee16f	1	00:02:16	http://www.celebritycruises.com/htmlpage/deals-and-departures?CID=emx_etar_em_2016wv_1601_bbbeuro_em_orl_9286&allowMobile=y	2016-01-23	23:26:16 GMT
00004ee5f495f37d6e2590e1d01ee16f	1	00:02:16	http://www.celebritycruises.com/sitemap?cS=Footer&ICID=Cel_11Q4_web_hp_ftr_sitemap	2016-01-23	23:27:55 GMT
00004ee5f495f37d6e2590e1d01ee16f	1	00:02:16	http://www.celebritycruises.com/about-celebrity/preferred-partnerships	2016-01-23	23:28:32 GMT
00005667ad7fd7633f3baf20a07be47a	1	00:00:00	http://www.celebritycruises.com/cruises/cruise-package-SL14K071?packageid=SL14K071&dest=AUSTL&shipCode=SL&shipName=Celebrity%20Solstice&sailDate=1160119&cabincls=INTERIOR&promoType=80&allowMobile=y&ecid=em_21028349&rid=260248575&mes=Celebrity%20Exciting%20Deals%20121515%20CALIFORNIA%20CVP&emsc=CCVPASSUS0000EM&empf=Y&emct=S&lnkid=ITINSRCH_SL_011916	2015-12-15	19:04:10 GMT
00006007b6e0bf3c5d42068431668e43	1	00:00:00	http://www.celebritycruises.com/home?wuc=USA	2015-12-12	11:32:59 GMT
000068494338ba96eeadccd52486c377	1	00:00:28	http://www.celebritycruises.com/htmlpage/go-alaska?allowMobile=y&ecid=em_21014791&rid=146050814&mes=New%20Deplymnt%20AL,%20BER%20CanNE%20CC%20DEC%202015%20Version1&emsc=CCCSELECT0000EM&empf=U&emct=S&lnkid=DEPLOYMENT__AL_LM1	2015-12-02	22:22:41 GMT
000068494338ba96eeadccd52486c377	1	00:00:28	http://www.celebritycruises.com/cruise-search/search-results	2015-12-02	22:23:08 GMT
000068494338ba96eeadccd52486c377	1	00:00:28	http://www.celebritycruises.com/cruise-search/search-results	2015-12-02	22:23:09 GMT
00006bb35e9b97b671ce9b451f5f5518	1	00:00:10	http://www.celebritycruises.com/cruise-search/search-results	2016-02-02	12:59:49 GMT
00006bb35e9b97b671ce9b451f5f5518	1	00:00:10	http://www.celebritycruises.com/cruises/cruise-package-RF07E119?packageid=RF07E119&dest=CARIB&shipCode=RF&shipName=Celebrity Reflection&sailDate=1160305&cabincls=INTERIOR&promoType=80	2016-02-02	12:59:59 GMT
000073d8b76b29cdf466f214b4f622b8	1	00:01:33	http://www.celebritycruises.com/htmlpage/go-canada-new-england?CID=emx_bglm_bogm_nwdply_1511_mul_em_bo_2635&allowMobile=y	2015-12-10	13:30:49 GMT
000073d8b76b29cdf466f214b4f622b8	1	00:01:33	http://www.celebritycruises.com/cruise-search/search-results?cruisesOnly=Y&isWidget=false&dest=ATLCO&sailStartDate=2017-06&sailEndDate=2017-10	2015-12-10	13:31:31 GMT
000073d8b76b29cdf466f214b4f622b8	1	00:01:33	http://www.celebritycruises.com/cruise-search/search-results?cruisesOnly=Y&isWidget=false&dest=ATLCO&sailStartDate=2017-06&sailEndDate=2017-10	2015-12-10	13:32:22 GMT
00007dcb783527200b0bb99a5eb56182	1	00:04:12	http://www.celebritycruises.com/destinations	2016-01-17	04:55:17 GMT
00007dcb783527200b0bb99a5eb56182	1	00:04:12	http://www.celebritycruises.com/htmlpage/go-alaska	2016-01-17	04:57:24 GMT
00007dcb783527200b0bb99a5eb56182	1	00:04:12	http://www.celebritycruises.com/destinations	2016-01-17	04:59:29 GMT
0000a01d2dbf8d51cb00a54a8f267da8	1	00:02:53	http://www.celebritycruises.com/htmlpage/bestofferever?CID=emx_etar_mul_2016wv_1601_25dp_em_ct_1613&allowMobile=y	2016-01-10	03:15:10 GMT
0000a01d2dbf8d51cb00a54a8f267da8	1	00:02:53	http://www.celebritycruises.com/specials/lto_80?tab=lto_80&promoType=80	2016-01-10	03:18:03 GMT
0000a1a14f038e099698618ba0474183	1	00:00:49	http://www.celebritycruises.com/htmlpage/bestofferever	2016-01-17	05:13:29 GMT
0000a1a14f038e099698618ba0474183	1	00:00:49	http://www.celebritycruises.com/htmlpage/bestofferever	2016-01-17	05:13:30 GMT
0000a1a14f038e099698618ba0474183	1	00:00:49	http://www.celebritycruises.com/htmlpage/bestofferever	2016-01-17	05:14:18 GMT
0000bb7860a3fcfe44dd07799e5ae7fe	1	00:01:04	https://secure.celebritycruises.com/specials/limited-time-offers-overview	2016-01-09	12:53:36 GMT
0000bb7860a3fcfe44dd07799e5ae7fe	1	00:01:04	http://www.celebritycruises.com/htmlpage/celebrity-credit-card	2016-01-09	12:54:40 GMT
0000bba2abd568f5c0a480781daf45bf	1	00:00:00	http://www.celebritycruises.com/htmlpage/deals-and-departures?CID=emx_etar_em_2016wv_1601_bbbeuro_em_us_9286&allowMobile=y&utm_source=electronic-stats&utm_medium=email&utm_campaign=etechtrack	2016-01-24	14:52:54 GMT
0000c6c644604d07e6dcc49075870503	1	00:00:00	https://secure.celebritycruises.com/specials/limited-time-offers-overview?CID=emx_etar_mul_2015hl_1509_hoca_em_us_5858&allowMobile=y&utm_source=electronic-stats&utm_medium=email&utm_campaign=etechtrack	2015-12-09	07:13:37 GMT
0000c850c95535b4102cf82db03894b4	1	00:00:09	http://www.celebritycruises.com/ships	2016-01-14	01:01:30 GMT
0000c850c95535b4102cf82db03894b4	1	00:00:09	http://www.celebritycruises.com/ships/celebrity-xpedition	2016-01-14	01:01:39 GMT
0000cd41e2beff03ce2f0573281c0b34	1	00:05:52	http://www.celebritycruises.com/	2016-01-23	21:16:47 GMT
0000cd41e2beff03ce2f0573281c0b34	1	00:05:52	http://www.celebritycruises.com/	2016-01-23	21:16:48 GMT
0000cd41e2beff03ce2f0573281c0b34	1	00:05:52	http://www.celebritycruises.com/plan-and-book/before-you-go-getting-ready?tab=before_you_go_getting_ready	2016-01-23	21:17:02 GMT
0000cd41e2beff03ce2f0573281c0b34	1	00:05:52	http://www.celebritycruises.com/	2016-01-23	21:19:08 GMT
0000cd41e2beff03ce2f0573281c0b34	1	00:05:52	http://www.celebritycruises.com/destinations	2016-01-23	21:19:23 GMT
0000cd41e2beff03ce2f0573281c0b34	1	00:05:52	http://www.celebritycruises.com/	2016-01-23	21:19:24 GMT
0000cd41e2beff03ce2f0573281c0b34	1	00:05:52	http://www.celebritycruises.com/destinations/caribbean	2016-01-23	21:19:30 GMT
0000cd41e2beff03ce2f0573281c0b34	1	00:05:52	http://www.celebritycruises.com/cruise-search/search-results	2016-01-23	21:19:38 GMT
0000cd41e2beff03ce2f0573281c0b34	1	00:05:52	http://www.celebritycruises.com/cruise-search/search-results	2016-01-23	21:20:32 GMT
0000cd41e2beff03ce2f0573281c0b34	1	00:05:52	http://www.celebritycruises.com/cruise-search/search-results	2016-01-23	21:20:34 GMT
0000cd41e2beff03ce2f0573281c0b34	1	00:05:52	http://www.celebritycruises.com/cruises/cruise-package-SIYQM4PK?packageid=SIYQM4PK&dest=CARIB&shipCode=SI&shipName=Celebrity Silhouette&sailDate=1160221&cabincls=DELUXE	2016-01-23	21:22:26 GMT
0000cd41e2beff03ce2f0573281c0b34	1	00:05:52	http://www.celebritycruises.com/cruise-search/search-results	2016-01-23	21:22:39 GMT
0000cd41e2beff03ce2f0573281c0b34	2	00:01:30	https://secure.celebritycruises.com/checkin/beforeyoucruise	2016-01-24	01:43:08 GMT
0000cd41e2beff03ce2f0573281c0b34	2	00:01:30	https://secure.celebritycruises.com/checkin/beforeyoucruise	2016-01-24	01:43:19 GMT
0000cd41e2beff03ce2f0573281c0b34	2	00:01:30	http://www.celebritycruises.com/ships	2016-01-24	01:44:23 GMT
0000cd41e2beff03ce2f0573281c0b34	2	00:01:30	http://www.celebritycruises.com/ships/celebrity-silhouette	2016-01-24	01:44:38 GMT
0000d14f6e7425b4abf5b40f46c2679d	1	00:09:50	http://www.celebritycruises.com/?allowMobile=y&ecid=em_20998251&rid=302783426&mes=Celebrity%20Exciting%20Deals%20111715%20NON%20RESIDENT%20EM&emsc=CPRUSRSPNDR00EM&empf=U&emct=&lnkid=CELHP_HEADER	2015-11-18	22:35:23 GMT
0000d14f6e7425b4abf5b40f46c2679d	1	00:09:50	http://www.celebritycruises.com/htmlpage/celebrity-suites-offer	2015-11-18	22:35:47 GMT
0000d14f6e7425b4abf5b40f46c2679d	1	00:09:50	http://www.celebritycruises.com/htmlpage/celebrity-suite-class	2015-11-18	22:36:12 GMT
0000d14f6e7425b4abf5b40f46c2679d	1	00:09:50	http://www.celebritycruises.com/cruise-search/search-results	2015-11-18	22:38:02 GMT
0000d14f6e7425b4abf5b40f46c2679d	1	00:09:50	http://www.celebritycruises.com/cruises/cruise-package-CS05W070?packageid=CS05W070&dest=CARIB&shipCode=CS&shipName=Celebrity%20Constellation&sailDate=1160314&cabincls=DELUXE&promoType=80	2015-11-18	22:39:27 GMT
0000d14f6e7425b4abf5b40f46c2679d	1	00:09:50	http://www.celebritycruises.com/cruise-search/search-results	2015-11-18	22:45:13 GMT
0000d14f6e7425b4abf5b40f46c2679d	2	00:00:00	http://www.celebritycruises.com/cruises/cruise-package-CS04S112?packageid=CS04S112&dest=BAHAM&shipCode=CS&shipName=Celebrity%20Constellation&sailDate=1160114&cabincls=AQUA&ltoReferred=true&promoType=50&allowMobile=y&ecid=em_21002377&rid=302783426&mes=Celebrity%20Caribbean%20Go%20BIg%20Upgrade%20Nov%202015%20EM&emsc=CPRUSLAST2YR0EM&empf=U&emct=&lnkid=ITINSRCH_CS_011416	2015-11-20	17:51:03 GMT
0000d14f6e7425b4abf5b40f46c2679d	3	00:10:55	http://www.celebritycruises.com/ships	2016-01-09	18:45:19 GMT
0000d14f6e7425b4abf5b40f46c2679d	3	00:10:55	http://www.celebritycruises.com/ships	2016-01-09	18:45:20 GMT
0000d14f6e7425b4abf5b40f46c2679d	3	00:10:55	http://www.celebritycruises.com/ships/celebrity-eclipse	2016-01-09	18:50:10 GMT
0000d14f6e7425b4abf5b40f46c2679d	3	00:10:55	http://www.celebritycruises.com/ships/celebrity-eclipse	2016-01-09	18:50:11 GMT
0000d14f6e7425b4abf5b40f46c2679d	3	00:10:55	http://www.celebritycruises.com/ships	2016-01-09	18:50:47 GMT
0000d14f6e7425b4abf5b40f46c2679d	3	00:10:55	http://www.celebritycruises.com/ships	2016-01-09	18:50:48 GMT
0000d14f6e7425b4abf5b40f46c2679d	3	00:10:55	http://www.celebritycruises.com/ships	2016-01-09	18:51:58 GMT
0000d14f6e7425b4abf5b40f46c2679d	3	00:10:55	http://www.celebritycruises.com/ships	2016-01-09	18:51:59 GMT
0000d14f6e7425b4abf5b40f46c2679d	3	00:10:55	http://www.celebritycruises.com/ships/celebrity-constellation	2016-01-09	18:53:55 GMT
0000d14f6e7425b4abf5b40f46c2679d	3	00:10:55	http://www.celebritycruises.com/ships/celebrity-constellation	2016-01-09	18:53:56 GMT
0000d14f6e7425b4abf5b40f46c2679d	3	00:10:55	http://www.celebritycruises.com/ships	2016-01-09	18:54:35 GMT
0000d14f6e7425b4abf5b40f46c2679d	3	00:10:55	http://www.celebritycruises.com/ships	2016-01-09	18:54:36 GMT
0000d14f6e7425b4abf5b40f46c2679d	3	00:10:55	http://www.celebritycruises.com/ships/celebrity-xpedition	2016-01-09	18:54:38 GMT
0000d14f6e7425b4abf5b40f46c2679d	3	00:10:55	http://www.celebritycruises.com/ships/celebrity-xpedition	2016-01-09	18:54:39 GMT
0000d14f6e7425b4abf5b40f46c2679d	3	00:10:55	http://www.celebritycruises.com/ships	2016-01-09	18:56:13 GMT
0000d14f6e7425b4abf5b40f46c2679d	3	00:10:55	http://www.celebritycruises.com/ships	2016-01-09	18:56:14 GMT
0000d14f6e7425b4abf5b40f46c2679d	4	00:08:29	http://www.celebritycruises.com/specials/lto_80?tab=lto_80&promoType=80&allowMobile=y&ecid=em_21056309&rid=252173631&mes=Celebrity%20Wave%2025%20Dep%20Offer%20W2%20011616%20EM&emsc=CPR0000000000EM&empf=U&emct=&lnkid=BN1_WAVW25DEP	2016-01-16	22:38:47 GMT
0000d14f6e7425b4abf5b40f46c2679d	4	00:08:29	http://www.celebritycruises.com/specials/lto_80?tab=lto_80&promoType=80&allowMobile=y&ecid=em_21056309&rid=252173631&mes=Celebrity%20Wave%2025%20Dep%20Offer%20W2%20011616%20EM&emsc=CPR0000000000EM&empf=U&emct=&lnkid=BN1_WAVW25DEP	2016-01-16	22:38:48 GMT
0000d14f6e7425b4abf5b40f46c2679d	4	00:08:29	http://www.celebritycruises.com/ships	2016-01-16	22:39:06 GMT
0000d14f6e7425b4abf5b40f46c2679d	4	00:08:29	http://www.celebritycruises.com/ships	2016-01-16	22:39:08 GMT
0000d14f6e7425b4abf5b40f46c2679d	4	00:08:29	http://www.celebritycruises.com/ships/celebrity-equinox	2016-01-16	22:39:35 GMT
0000d14f6e7425b4abf5b40f46c2679d	4	00:08:29	http://www.celebritycruises.com/ships/celebrity-equinox	2016-01-16	22:39:36 GMT
0000d14f6e7425b4abf5b40f46c2679d	4	00:08:29	http://www.celebritycruises.com/cruise-search	2016-01-16	22:42:18 GMT
0000d14f6e7425b4abf5b40f46c2679d	4	00:08:29	http://www.celebritycruises.com/cruise-search	2016-01-16	22:42:19 GMT
0000d14f6e7425b4abf5b40f46c2679d	4	00:08:29	http://www.celebritycruises.com/cruise-search/search-results?isWidget=false&dest=ANY&sailStartDate=2016-07&sailEndDate=2016-07&ship=RF&port=ANY&duration=ANY&includeAdjascentPorts=Y&accessCabin=&promoid=&promoType=&promotionTypeId=&priceProgram=&sortBy=7&startRow=0&count=10&cruiseType=CO&cruiseInt=&isCrieriaExcluded=false&state=&captain_id=&couponCodes=&isSenior=&isMilitary=&isFireandPolice=	2016-01-16	22:44:06 GMT
0000d14f6e7425b4abf5b40f46c2679d	4	00:08:29	http://www.celebritycruises.com/cruise-search/search-results?isWidget=false&dest=ANY&sailStartDate=2016-07&sailEndDate=2016-07&ship=RF&port=ANY&duration=ANY&includeAdjascentPorts=Y&accessCabin=&promoid=&promoType=&promotionTypeId=&priceProgram=&sortBy=7&startRow=0&count=10&cruiseType=CO&cruiseInt=&isCrieriaExcluded=false&state=&captain_id=&couponCodes=&isSenior=&isMilitary=&isFireandPolice=	2016-01-16	22:44:07 GMT
0000d14f6e7425b4abf5b40f46c2679d	4	00:08:29	http://www.celebritycruises.com/cruise-search/search-results	2016-01-16	22:45:53 GMT
0000d14f6e7425b4abf5b40f46c2679d	4	00:08:29	http://www.celebritycruises.com/cruise-search/search-results	2016-01-16	22:45:54 GMT
0000d14f6e7425b4abf5b40f46c2679d	4	00:08:29	http://www.celebritycruises.com/cruises/cruise-package-CS02S023?packageid=CS02S023&dest=BAHAM&shipCode=CS&shipName=Celebrity%20Constellation&sailDate=1160128&cabincls=DELUXE	2016-01-16	22:47:15 GMT
0000d14f6e7425b4abf5b40f46c2679d	4	00:08:29	http://www.celebritycruises.com/cruises/cruise-package-CS02S023?packageid=CS02S023&dest=BAHAM&shipCode=CS&shipName=Celebrity%20Constellation&sailDate=1160128&cabincls=DELUXE	2016-01-16	22:47:16 GMT
0000d235ed809980d114ede1bfe1d0ea	1	00:00:00	http://www.celebritycruises.com/specials/lto_49?tab=lto_49&promoType=49&allowMobile=y&ecid=em_21015918&rid=290241637&mes=Celebrity%205%20Day%20EXTRA%20Sale%20Dec%202015%20EM&emsc=CPR0000000000EM&empf=Y&emct=S&lnkid=ITINSRCH_EXTRA_OTHER	2015-12-03	19:46:37 GMT
0000d2bf177071b75ccd61d3df4d1bda	1	00:00:38	http://www.celebritycruises.com/	2015-12-06	23:13:27 GMT
0000d2bf177071b75ccd61d3df4d1bda	1	00:00:38	http://www.celebritycruises.com/	2015-12-06	23:13:28 GMT
0000d2bf177071b75ccd61d3df4d1bda	1	00:00:38	http://www.celebritycruises.com/cruise-search/search-results?cruisesOnly=Y&isWidget=false&dest=EUROP&sailStartDate=2016-08&sailEndDate=2016-11&ship=ANY&port=ANY	2015-12-06	23:14:04 GMT
0000d2bf177071b75ccd61d3df4d1bda	1	00:00:38	http://www.celebritycruises.com/cruise-search/search-results?cruisesOnly=Y&isWidget=false&dest=EUROP&sailStartDate=2016-08&sailEndDate=2016-11&ship=ANY&port=ANY	2015-12-06	23:14:05 GMT
0000d2bf177071b75ccd61d3df4d1bda	2	01:11:03	http://www.celebritycruises.com/	2016-01-31	20:58:38 GMT
0000d2bf177071b75ccd61d3df4d1bda	2	01:11:03	http://www.celebritycruises.com/cruise-search/search-results?cruisesOnly=Y&isWidget=false&dest=CARIB&sailStartDate=2016-02&sailEndDate=2016-02&ship=ANY&port=ANY	2016-01-31	20:58:58 GMT
0000d2bf177071b75ccd61d3df4d1bda	2	01:11:03	http://www.celebritycruises.com/cruises/cruise-package-RF07W178?packageid=RF07W178&dest=CARIB&shipCode=RF&shipName=Celebrity%20Reflection&sailDate=1160213&cabincls=BALCONY&promoType=80	2016-01-31	20:59:54 GMT
0000d2bf177071b75ccd61d3df4d1bda	2	01:11:03	http://www.celebritycruises.com/cruise-search/search-results?cruisesOnly=Y&isWidget=false&dest=CARIB&sailStartDate=2016-02&sailEndDate=2016-02&ship=ANY&port=ANY	2016-01-31	21:08:20 GMT
0000d2bf177071b75ccd61d3df4d1bda	2	01:11:03	http://www.celebritycruises.com/cruise-search/search-results?cruisesOnly=Y&isWidget=false&dest=CARIB&sailStartDate=2016-02&sailEndDate=2016-02&ship=ANY&port=ANY	2016-01-31	21:16:17 GMT
0000d2bf177071b75ccd61d3df4d1bda	2	01:11:03	http://www.celebritycruises.com/cruises/cruise-package-RF07E122?packageid=RF07E122&dest=CARIB&shipCode=RF&shipName=Celebrity%20Reflection&sailDate=1160220&cabincls=BALCONY&promoType=80	2016-01-31	21:18:24 GMT
0000d2bf177071b75ccd61d3df4d1bda	2	01:11:03	http://www.celebritycruises.com/cruise-search/search-results?cruisesOnly=Y&isWidget=false&dest=CARIB&sailStartDate=2016-02&sailEndDate=2016-02&ship=ANY&port=ANY	2016-01-31	21:18:41 GMT
0000d2bf177071b75ccd61d3df4d1bda	2	01:11:03	http://www.celebritycruises.com/cruises/cruise-package-RF07E119?packageid=RF07E119&dest=CARIB&shipCode=RF&shipName=Celebrity%20Reflection&sailDate=1160206&cabincls=BALCONY&promoType=80	2016-01-31	21:18:49 GMT
0000d2bf177071b75ccd61d3df4d1bda	2	01:11:03	http://www.celebritycruises.com/cruises/cruise-package-RF07E119?packageid=RF07E119&dest=CARIB&shipCode=RF&shipName=Celebrity%20Reflection&sailDate=1160206&cabincls=BALCONY&promoType=80	2016-01-31	21:18:50 GMT
0000d2bf177071b75ccd61d3df4d1bda	2	01:11:03	https://secure.celebritycruises.com/booking/guestReservation?dest=CARIB	2016-01-31	21:27:21 GMT
0000d2bf177071b75ccd61d3df4d1bda	2	01:11:03	https://secure.celebritycruises.com/booking/guestReservation?dest=CARIB	2016-01-31	21:27:22 GMT
0000d2bf177071b75ccd61d3df4d1bda	2	01:11:03	http://www.celebritycruises.com/cruise-search/search-results?cruisesOnly=Y&isWidget=false&dest=CARIB&sailStartDate=2016-02&sailEndDate=2016-02&ship=ANY&port=ANY	2016-01-31	21:28:48 GMT
0000d2bf177071b75ccd61d3df4d1bda	2	01:11:03	http://www.celebritycruises.com/cruise-search/search-results?cruisesOnly=Y&isWidget=false&dest=CARIB&sailStartDate=2016-02&sailEndDate=2016-02&ship=ANY&port=ANY	2016-01-31	21:28:49 GMT
0000d2bf177071b75ccd61d3df4d1bda	2	01:11:03	http://www.celebritycruises.com/cruises/cruise-package-RF07W178?packageid=RF07W178&dest=CARIB&shipCode=RF&shipName=Celebrity%20Reflection&sailDate=1160213&cabincls=DELUXE&promoType=80	2016-01-31	21:28:59 GMT
0000d2bf177071b75ccd61d3df4d1bda	2	01:11:03	http://www.celebritycruises.com/cruises/cruise-package-RF07W178?packageid=RF07W178&dest=CARIB&shipCode=RF&shipName=Celebrity%20Reflection&sailDate=1160213&cabincls=DELUXE&promoType=80	2016-01-31	21:29:00 GMT
0000d2bf177071b75ccd61d3df4d1bda	2	01:11:03	https://secure.celebritycruises.com/booking/guestReservation?dest=CARIB	2016-01-31	21:30:15 GMT
0000d2bf177071b75ccd61d3df4d1bda	2	01:11:03	https://secure.celebritycruises.com/booking/guestReservation?dest=CARIB	2016-01-31	21:30:16 GMT
0000d2bf177071b75ccd61d3df4d1bda	2	01:11:03	http://www.celebritycruises.com/cruises/cruise-package-RF07W178?packageid=RF07W178&dest=CARIB&shipCode=RF&shipName=Celebrity%20Reflection&sailDate=1160213&cabincls=BALCONY&promoType=80	2016-01-31	21:32:35 GMT
0000d2bf177071b75ccd61d3df4d1bda	2	01:11:03	http://www.celebritycruises.com/cruises/cruise-package-RF07W178?packageid=RF07W178&dest=CARIB&shipCode=RF&shipName=Celebrity%20Reflection&sailDate=1160213&cabincls=BALCONY&promoType=80	2016-01-31	21:32:36 GMT
0000d2bf177071b75ccd61d3df4d1bda	2	01:11:03	http://www.celebritycruises.com/cruise-search/search-results?packageid=RF07W178&applyCriteria=false&_=1454275955642	2016-01-31	21:52:00 GMT
0000d2bf177071b75ccd61d3df4d1bda	2	01:11:03	http://www.celebritycruises.com/cruise-search/search-results?packageid=RF07W178&applyCriteria=false&_=1454275955642	2016-01-31	21:52:01 GMT
0000d2bf177071b75ccd61d3df4d1bda	2	01:11:03	http://www.celebritycruises.com/cruises/cruise-package-RF07W178?packageid=RF07W178&dest=CARIB&shipCode=RF&shipName=Celebrity%20Reflection&sailDate=1160213&cabincls=BALCONY&promoType=80	2016-01-31	21:52:59 GMT
0000d2bf177071b75ccd61d3df4d1bda	2	01:11:03	http://www.celebritycruises.com/cruises/cruise-package-RF07W178?packageid=RF07W178&dest=CARIB&shipCode=RF&shipName=Celebrity%20Reflection&sailDate=1160213&cabincls=BALCONY&promoType=80	2016-01-31	21:53:00 GMT
0000d2bf177071b75ccd61d3df4d1bda	2	01:11:03	http://www.celebritycruises.com/booking/reservationStep1?fareCode=COUPON&selectedFareCode=A8881991&offerCode=PB&sailDate=1160213&packageCode=RF07W178&destCode=CARIB&shipCode=RF&shipName=Celebrity%20Reflection&shipNameSlug=Celebrity-Reflection&br=C	2016-01-31	21:54:01 GMT
0000d2bf177071b75ccd61d3df4d1bda	2	01:11:03	http://www.celebritycruises.com/booking/reservationStep1?fareCode=COUPON&selectedFareCode=A8881991&offerCode=PB&sailDate=1160213&packageCode=RF07W178&destCode=CARIB&shipCode=RF&shipName=Celebrity%20Reflection&shipNameSlug=Celebrity-Reflection&br=C	2016-01-31	21:54:02 GMT
0000d2bf177071b75ccd61d3df4d1bda	2	01:11:03	http://www.celebritycruises.com/ships	2016-01-31	21:55:38 GMT
0000d2bf177071b75ccd61d3df4d1bda	2	01:11:03	http://www.celebritycruises.com/ships	2016-01-31	21:55:39 GMT
0000d2bf177071b75ccd61d3df4d1bda	2	01:11:03	http://www.celebritycruises.com/ships/celebrity-reflection	2016-01-31	21:55:47 GMT
0000d2bf177071b75ccd61d3df4d1bda	2	01:11:03	http://www.celebritycruises.com/ships/celebrity-reflection	2016-01-31	21:55:48 GMT
0000d2bf177071b75ccd61d3df4d1bda	2	01:11:03	http://www.celebritycruises.com/cruise-search/search-results	2016-01-31	22:09:12 GMT
0000d2bf177071b75ccd61d3df4d1bda	2	01:11:03	http://www.celebritycruises.com/cruise-search/search-results	2016-01-31	22:09:13 GMT
0000d2bf177071b75ccd61d3df4d1bda	2	01:11:03	http://www.celebritycruises.com/cruise-search/search-results	2016-01-31	22:09:40 GMT
0000d2bf177071b75ccd61d3df4d1bda	2	01:11:03	http://www.celebritycruises.com/cruise-search/search-results	2016-01-31	22:09:41 GMT
0000d32dc93ad0c79d1ad5533842c0c6	1	00:04:47	http://www.celebritycruises.com/ships	2015-11-24	20:21:36 GMT
0000d32dc93ad0c79d1ad5533842c0c6	1	00:04:47	http://www.celebritycruises.com/ships/celebrity-summit	2015-11-24	20:22:09 GMT
0000d32dc93ad0c79d1ad5533842c0c6	1	00:04:47	http://www.celebritycruises.com/ships	2015-11-24	20:22:34 GMT
0000d32dc93ad0c79d1ad5533842c0c6	1	00:04:47	http://www.celebritycruises.com/ships/celebrity-silhouette	2015-11-24	20:22:38 GMT
0000d32dc93ad0c79d1ad5533842c0c6	1	00:04:47	http://www.celebritycruises.com/cruise-search/search-results?ship=SI	2015-11-24	20:23:26 GMT
0000d32dc93ad0c79d1ad5533842c0c6	1	00:04:47	http://www.celebritycruises.com/cruise-search/search-results?ship=SI	2015-11-24	20:23:58 GMT
0000d32dc93ad0c79d1ad5533842c0c6	1	00:04:47	http://www.celebritycruises.com/ships	2015-11-24	20:24:25 GMT
0000d32dc93ad0c79d1ad5533842c0c6	1	00:04:47	http://www.celebritycruises.com/ships/celebrity-eclipse	2015-11-24	20:24:35 GMT
0000d32dc93ad0c79d1ad5533842c0c6	1	00:04:47	http://www.celebritycruises.com/cruise-search/search-results?ship=EC	2015-11-24	20:25:46 GMT
0000d32dc93ad0c79d1ad5533842c0c6	1	00:04:47	http://www.celebritycruises.com/cruise-search/search-results?ship=EC	2015-11-24	20:26:08 GMT
0000d32dc93ad0c79d1ad5533842c0c6	1	00:04:47	http://www.celebritycruises.com/cruise-search/search-results?ship=EC	2015-11-24	20:26:23 GMT
0000d74fc053c38ce2c384a360d9da07	1	00:02:48	http://www.celebritycruises.com/htmlpage/big-better-best-a?cid=di_tk5_mul_bggrbt_1508_bbbg_b336_na_1468	2015-12-27	00:39:34 GMT
0000d74fc053c38ce2c384a360d9da07	1	00:02:48	http://www.celebritycruises.com/htmlpage/celebrity-credit-card	2015-12-27	00:40:55 GMT
0000d74fc053c38ce2c384a360d9da07	1	00:02:48	http://www.celebritycruises.com/htmlpage/celebrity-credit-card	2015-12-27	00:42:22 GMT
0000d85e5ea30f28c34ddad32190711b	1	00:24:57	http://www.celebritycruises.com/cruise-search/search-results?cruisesOnly=Y&isWidget=false&dest=PACIF&sailStartDate=ANY&sailEndDate=ANY&ship=ANY&port=ANY	2016-01-07	18:04:21 GMT
0000d85e5ea30f28c34ddad32190711b	1	00:24:57	http://www.celebritycruises.com/cruises/cruise-package-IN07P009?packageid=IN07P009&dest=PACIF&shipCode=IN&shipName=Celebrity Infinity&sailDate=1170924&cabincls=BALCONY	2016-01-07	18:06:29 GMT
0000d85e5ea30f28c34ddad32190711b	1	00:24:57	http://www.celebritycruises.com/cruise-search/search-results?cruisesOnly=Y&isWidget=false&dest=PACIF&sailStartDate=ANY&sailEndDate=ANY&ship=ANY&port=ANY	2016-01-07	18:06:48 GMT
0000d85e5ea30f28c34ddad32190711b	1	00:24:57	http://www.celebritycruises.com/cruises/cruise-package-IN07P008?packageid=IN07P008&dest=PACIF&shipCode=IN&shipName=Celebrity Infinity&sailDate=1170917&cabincls=BALCONY	2016-01-07	18:07:08 GMT
0000d85e5ea30f28c34ddad32190711b	1	00:24:57	http://www.celebritycruises.com/cruise-search/search-results?cruisesOnly=Y&isWidget=false&dest=PACIF&sailStartDate=ANY&sailEndDate=ANY&ship=ANY&port=ANY	2016-01-07	18:08:31 GMT
0000d85e5ea30f28c34ddad32190711b	1	00:24:57	http://www.celebritycruises.com/cruises/cruise-package-IN08P005?packageid=IN08P005&dest=PACIF&shipCode=IN&shipName=Celebrity Infinity&sailDate=1171001&cabincls=INTERIOR	2016-01-07	18:09:02 GMT
0000d85e5ea30f28c34ddad32190711b	1	00:24:57	https://secure.celebritycruises.com/login	2016-01-07	18:11:52 GMT
0000d85e5ea30f28c34ddad32190711b	1	00:24:57	https://secure.celebritycruises.com/captains-club/gateway	2016-01-07	18:12:00 GMT
0000d85e5ea30f28c34ddad32190711b	1	00:24:57	https://secure.celebritycruises.com/my-celebrity/forgot-user-name?cancelPage=/login	2016-01-07	18:12:07 GMT
0000d85e5ea30f28c34ddad32190711b	1	00:24:57	https://secure.celebritycruises.com/my-celebrity/forgot-user-name?cancelPage=/login	2016-01-07	18:12:08 GMT
0000d85e5ea30f28c34ddad32190711b	1	00:24:57	https://secure.celebritycruises.com/forgotPassword?cancelPage=/login	2016-01-07	18:12:32 GMT
0000d85e5ea30f28c34ddad32190711b	1	00:24:57	https://secure.celebritycruises.com/retrievePassword	2016-01-07	18:12:46 GMT
0000d85e5ea30f28c34ddad32190711b	1	00:24:57	https://secure.celebritycruises.com/retrievePassword	2016-01-07	18:12:47 GMT
0000d85e5ea30f28c34ddad32190711b	1	00:24:57	https://secure.celebritycruises.com/login	2016-01-07	18:13:38 GMT
0000d85e5ea30f28c34ddad32190711b	1	00:24:57	https://secure.celebritycruises.com/login	2016-01-07	18:13:39 GMT
0000d85e5ea30f28c34ddad32190711b	1	00:24:57	https://secure.celebritycruises.com/login	2016-01-07	18:13:46 GMT
0000d85e5ea30f28c34ddad32190711b	1	00:24:57	https://secure.celebritycruises.com/login	2016-01-07	18:13:47 GMT
0000d85e5ea30f28c34ddad32190711b	1	00:24:57	https://secure.celebritycruises.com/mycelebrity/home.do	2016-01-07	18:14:28 GMT
0000d85e5ea30f28c34ddad32190711b	1	00:24:57	https://secure.celebritycruises.com/mycelebrity/home.do	2016-01-07	18:14:29 GMT
0000d85e5ea30f28c34ddad32190711b	1	00:24:57	https://secure.celebritycruises.com/mycelebrity/home.do	2016-01-07	18:15:14 GMT
0000d85e5ea30f28c34ddad32190711b	1	00:24:57	http://www.celebritycruises.com/cruise-search/search-results	2016-01-07	18:15:19 GMT
0000d85e5ea30f28c34ddad32190711b	1	00:24:57	http://www.celebritycruises.com/cruise-search/search-results	2016-01-07	18:15:48 GMT
0000d85e5ea30f28c34ddad32190711b	1	00:24:57	http://www.celebritycruises.com/cruises/cruise-package-IN08P005?packageid=IN08P005&dest=PACIF&shipCode=IN&shipName=Celebrity Infinity&sailDate=1171001&cabincls=INTERIOR	2016-01-07	18:16:57 GMT
0000d85e5ea30f28c34ddad32190711b	1	00:24:57	http://www.celebritycruises.com/captains-club/captains-club-exclusive-offers	2016-01-07	18:18:06 GMT
0000d85e5ea30f28c34ddad32190711b	1	00:24:57	https://secure.celebritycruises.com/specials/limited-time-offers-overview	2016-01-07	18:18:30 GMT
0000d85e5ea30f28c34ddad32190711b	1	00:24:57	http://www.celebritycruises.com/htmlpage/signature-event-sailings	2016-01-07	18:18:39 GMT
0000d85e5ea30f28c34ddad32190711b	1	00:24:57	http://www.celebritycruises.com/destinations/canada-new-england?cs=NAVBAR	2016-01-07	18:19:12 GMT
0000d85e5ea30f28c34ddad32190711b	1	00:24:57	http://www.celebritycruises.com/plan-a-cruise/shore-excursions	2016-01-07	18:19:30 GMT
0000d85e5ea30f28c34ddad32190711b	1	00:24:57	http://www.celebritycruises.com/asr/shorex/BrowseByLocationLanding?destinationCode=PACIF	2016-01-07	18:20:54 GMT
0000d85e5ea30f28c34ddad32190711b	1	00:24:57	http://www.celebritycruises.com/plan-a-cruise/shore-excursions/productDetails?productCode=AO15&productId=100000002183809129	2016-01-07	18:21:44 GMT
0000d85e5ea30f28c34ddad32190711b	1	00:24:57	http://www.celebritycruises.com/asr/shorex/BrowseByLocationLanding?destinationCode=PACIF	2016-01-07	18:22:44 GMT
0000d85e5ea30f28c34ddad32190711b	1	00:24:57	http://www.celebritycruises.com/ships	2016-01-07	18:26:41 GMT
0000d85e5ea30f28c34ddad32190711b	1	00:24:57	http://www.celebritycruises.com/ships/celebrity-infinity	2016-01-07	18:26:46 GMT
0000d85e5ea30f28c34ddad32190711b	1	00:24:57	http://www.celebritycruises.com/cruise-search/search-results?ship=IN	2016-01-07	18:27:46 GMT
0000d85e5ea30f28c34ddad32190711b	1	00:24:57	http://www.celebritycruises.com/cruise-search/search-results?ship=IN	2016-01-07	18:28:03 GMT
0000d85e5ea30f28c34ddad32190711b	1	00:24:57	http://www.celebritycruises.com/cruises/cruise-package-IN07P008?packageid=IN07P008&dest=PACIF&shipCode=IN&shipName=Celebrity Infinity&sailDate=1170917&cabincls=INTERIOR	2016-01-07	18:28:41 GMT
0000d85e5ea30f28c34ddad32190711b	1	00:24:57	http://www.celebritycruises.com/ships	2016-01-07	18:29:18 GMT
0000da2c93bba11f7d01ee3332cee318	1	00:00:00	http://www.celebritycruises.com/home?wuc=USA	2015-12-20	00:41:37 GMT
0000dcabb6b0b7abd75a41078a705a9f	1	00:01:33	http://www.celebritycruises.com/	2015-11-22	22:02:15 GMT
0000dcabb6b0b7abd75a41078a705a9f	1	00:01:33	http://www.celebritycruises.com/cruise-search/search-results?cruisesOnly=Y&isWidget=false&dest=ALCAN&sailStartDate=2016-07&sailEndDate=2016-07&ship=SL&port=SEA	2015-11-22	22:02:32 GMT
0000dcabb6b0b7abd75a41078a705a9f	1	00:01:33	http://www.celebritycruises.com/cruises/cruise-package-SL07A125?packageid=SL07A125&dest=ALCAN&shipCode=SL&shipName=Celebrity%20Solstice&sailDate=1160715&cabincls=OUTSIDE&promoType=80	2015-11-22	22:03:48 GMT
0000df600426317d5e8a005b7b40828f	1	00:02:40	http://www.celebritycruises.com/travel-agent-finder/contact-us?CID=emx_etar_mul_2015hl_1509_hoca_em_us_5858&allowMobile=y&utm_source=electronic-stats&utm_medium=email&utm_campaign=etechtrack	2015-12-08	23:06:37 GMT
0000df600426317d5e8a005b7b40828f	1	00:02:40	http://www.celebritycruises.com/htmlpage/celebrity-credit-card	2015-12-08	23:08:52 GMT
0000df600426317d5e8a005b7b40828f	1	00:02:40	http://www.celebritycruises.com/htmlpage/canyon-ranch-spaclub	2015-12-08	23:09:17 GMT
0000e0f5e3040938cd4b1fc367d27c1c	1	00:00:00	http://www.celebritycruises.com/sitemap?cS=Footer&ICID=Cel_11Q4_web_hp_ftr_sitemap	2016-01-30	17:57:00 GMT
0000e49e8ff0852490eee980927f5136	1	00:00:00	http://www.celebritycruises.com/htmlpage/group-bookings?cS=Footer&ICID=Cel_11Q4_web_hp_ftr_Group_Booking	2016-01-30	21:54:15 GMT
0000eb5a4eda71a4a1becf663a5ba7e3	1	00:00:00	http://www.celebritycruises.com/ships	2015-11-28	01:43:20 GMT
